Designator,Mid X,Mid Y,Layer,Rotation
CAPTEUR_INFRAROUGE_DROIT,36.50,60.00,Top,270.0
CAPTEUR_INFRAROUGE_GAUCHE,21.00,60.00,Top,270.0
CAPTEUR_ULTRASON,30.00,60.00,Top,0.0
INTERRUPTEUR,27.00, 5.00,Top,0.0
J1,30.00,50.00,Top,0.0
MOTEUR_DROIT,35.00,30.00,Top,180.0
MOTEUR_GAUCHE,25.00,30.00,Top,180.0
PILES,30.00,40.00,Top,0.0
PILOTE_MOTEUR_DROIT,35.00,35.00,Top,90.0
PILOTE_MOTEUR_GAUCHE,25.00,35.00,Top,90.0
R1,27.79,56.13,Top,0.0
R2,35.17,63.79,Top,0.0
R3,43.21,58.52,Top,90.0
R5,16.21,58.82,Top,90.0
