Designator,Mid X,Mid Y,Layer,Rotation
CAPTEUR_INFRAROUGE_DROIT,51.04,60.00,Bottom,270.0
CAPTEUR_INFRAROUGE_GAUCHE,35.50,60.00,Bottom,270.0
CAPTEUR_ULTRASON,42.00,60.00,Top,0.0
CONNECTEUR_CARTE,42.00,50.00,Top,0.0
INTERRUPTEUR,39.00, 5.00,Top,0.0
MOTEUR_DROIT,47.00,30.00,Top,180.0
MOTEUR_GAUCHE,37.00,30.00,Top,180.0
PILES,42.00,40.00,Top,0.0
PILOTE_MOTEUR_DROIT,47.00,35.00,Top,90.0
PILOTE_MOTEUR_GAUCHE,37.00,35.00,Top,90.0
R1,39.79,56.13,Top,0.0
R2,47.17,63.79,Top,0.0
R3,55.00,59.50,Top,90.0
R5,28.00,58.00,Top,90.0
